<?xml version="1.0" encoding="UTF-8" standalone="no"?>
<!--WARNING: DO NOT EDIT THIS FILE. THIS FILE IS MANAGED BY SPRING ROO.--><database name="deprecated" package="com.journaldev.jpa.data">
    <option key="moduleName" value=""/>
    <option key="activeRecord" value="true"/>
    <option key="repository" value="false"/>
    <option key="service" value="false"/>
    <option key="includeNonPortableAttributes" value="false"/>
    <option key="disableVersionFields" value="true"/>
    <option key="disableGeneratedIdentifiers" value="true"/>
    <option key="testAutomatically" value="false"/>
    <table name="employee">
        <column name="EMP_ID" primaryKey="true" required="true" scale="0" size="10" type="4,INT"/>
        <column name="EMP_NAME" primaryKey="false" required="false" scale="0" size="45" type="12,VARCHAR"/>
        <column name="EMP_HIRE_DATE" primaryKey="false" required="false" scale="0" size="30" type="12,VARCHAR"/>
        <column name="EMP_SALARY" primaryKey="false" required="false" scale="4" size="11" type="3,DECIMAL"/>
        <foreign-key foreignTable="phone" name="PH_EMP_ID" onDelete="none" onUpdate="none">
            <option key="exported" value="true"/>
            <reference foreign="EMP_ID" local="EMP_ID"/>
        </foreign-key>
        <unique name="PRIMARY">
            <unique-column name="EMP_ID"/>
        </unique>
    </table>
    <table name="phone">
        <column name="PH_ID" primaryKey="true" required="true" scale="0" size="10" type="4,INT"/>
        <column name="PH_NO" primaryKey="false" required="false" scale="0" size="30" type="12,VARCHAR"/>
        <column name="EMP_ID" primaryKey="false" required="false" scale="0" size="10" type="4,INT"/>
        <foreign-key foreignTable="employee" name="PH_EMP_ID" onDelete="none" onUpdate="none">
            <option key="exported" value="false"/>
            <reference foreign="EMP_ID" local="EMP_ID"/>
        </foreign-key>
        <unique name="PRIMARY">
            <unique-column name="PH_ID"/>
        </unique>
        <index name="PH_EMP_ID_idx">
            <index-column name="EMP_ID"/>
        </index>
    </table>
</database>
