<?xml version="1.0"?>
<faces-config xmlns="http://java.sun.com/xml/ns/javaee" 
    xmlns:xsi="http://www.w3.org/2001/XMLSchema-instance" 
    xsi:schemaLocation="http://java.sun.com/xml/ns/javaee http://java.sun.com/xml/ns/javaee/web-facesconfig_2_0.xsd" 
    version="2.0">
    <application>
        <el-resolver>org.springframework.web.jsf.el.SpringBeanFacesELResolver</el-resolver>
        <resource-bundle>
            <base-name>com.journaldev.web.i18n.messages</base-name>
            <var>messages</var>
        </resource-bundle>
        <locale-config>
            <default-locale>en</default-locale>
            <supported-locale>en</supported-locale>
            <supported-locale>de</supported-locale>
            <supported-locale>es</supported-locale>
        </locale-config>
    </application>
    <factory>
        <exception-handler-factory>com.journaldev.web.util.ViewExpiredExceptionExceptionHandlerFactory</exception-handler-factory>
    </factory>
</faces-config>